"desc_category","avg_reviews"
"Long","3.855946944988041"
"Medium","3.232809430255403"
"Short","2.533613445378151"
