"app_category","avg_reviews"
"Paid","3.720948742438714"
"Free","3.3767258382642997"
