"lang_group","avg_reviews"
"61-75","4.285714285714286"
"16-30","4.052254098360656"
"46-60","4.041666666666667"
"31-45","3.7071428571428573"
"0-15","3.481186907311104"
