"cont_rating","app_number","avg_rating"
"9+","855","4.197076023391813"
"12+","977","4.115148413510747"
"4+","3776","4.034825211864407"
"17+","418","3.915071770334928"
