"prime_genre","avg_rating"
"Catalogs","2.1"
"Finance","2.4326923076923075"
"Book","2.4776785714285716"
"Navigation","2.6847826086956523"
"Lifestyle","2.8055555555555554"
"News","2.98"
"Sports","2.982456140350877"
"Social Networking","2.9850299401197606"
"Food & Drink","3.1825396825396823"
"Entertainment","3.2467289719626167"
